ID,URL,Filename
1,https://danielliem49-pathfinder-seeds.s3.us-west-1.amazonaws.com/Pathfinder-seed-images/trails/padar_island_trail/1.jpeg,1.jpeg
1,https://danielliem49-pathfinder-seeds.s3.us-west-1.amazonaws.com/Pathfinder-seed-images/trails/padar_island_trail/2.jpeg,2.jpeg
1,https://danielliem49-pathfinder-seeds.s3.us-west-1.amazonaws.com/Pathfinder-seed-images/trails/padar_island_trail/3.jpeg,3.jpeg
1,https://danielliem49-pathfinder-seeds.s3.us-west-1.amazonaws.com/Pathfinder-seed-images/trails/padar_island_trail/4.jpeg,4.jpeg
1,https://danielliem49-pathfinder-seeds.s3.us-west-1.amazonaws.com/Pathfinder-seed-images/trails/padar_island_trail/5.jpeg,5.jpeg
2,https://danielliem49-pathfinder-seeds.s3.us-west-1.amazonaws.com/Pathfinder-seed-images/trails/mount_batur_summit_main_trail/1.jpeg,1.jpeg
2,https://danielliem49-pathfinder-seeds.s3.us-west-1.amazonaws.com/Pathfinder-seed-images/trails/mount_batur_summit_main_trail/2.jpeg,2.jpeg
2,https://danielliem49-pathfinder-seeds.s3.us-west-1.amazonaws.com/Pathfinder-seed-images/trails/mount_batur_summit_main_trail/3.jpeg,3.jpeg
2,https://danielliem49-pathfinder-seeds.s3.us-west-1.amazonaws.com/Pathfinder-seed-images/trails/mount_batur_summit_main_trail/4.jpeg,4.jpeg
2,https://danielliem49-pathfinder-seeds.s3.us-west-1.amazonaws.com/Pathfinder-seed-images/trails/mount_batur_summit_main_trail/5.jpeg,5.jpeg
3,https://danielliem49-pathfinder-seeds.s3.us-west-1.amazonaws.com/Pathfinder-seed-images/trails/mount_rijani_sembalun_to_senaru/1.jpeg,1.jpeg
3,https://danielliem49-pathfinder-seeds.s3.us-west-1.amazonaws.com/Pathfinder-seed-images/trails/mount_rijani_sembalun_to_senaru/2.jpeg,2.jpeg
3,https://danielliem49-pathfinder-seeds.s3.us-west-1.amazonaws.com/Pathfinder-seed-images/trails/mount_rijani_sembalun_to_senaru/3.jpeg,3.jpeg
3,https://danielliem49-pathfinder-seeds.s3.us-west-1.amazonaws.com/Pathfinder-seed-images/trails/mount_rijani_sembalun_to_senaru/4.jpeg,4.jpeg
3,https://danielliem49-pathfinder-seeds.s3.us-west-1.amazonaws.com/Pathfinder-seed-images/trails/mount_rijani_sembalun_to_senaru/5.jpeg,5.jpeg
4,https://danielliem49-pathfinder-seeds.s3.us-west-1.amazonaws.com/Pathfinder-seed-images/trails/ijen_crater_trail/1.jpeg,1.jpeg
4,https://danielliem49-pathfinder-seeds.s3.us-west-1.amazonaws.com/Pathfinder-seed-images/trails/ijen_crater_trail/2.jpeg,2.jpeg
4,https://danielliem49-pathfinder-seeds.s3.us-west-1.amazonaws.com/Pathfinder-seed-images/trails/ijen_crater_trail/3.jpeg,3.jpeg
4,https://danielliem49-pathfinder-seeds.s3.us-west-1.amazonaws.com/Pathfinder-seed-images/trails/ijen_crater_trail/4.jpeg,4.jpeg
4,https://danielliem49-pathfinder-seeds.s3.us-west-1.amazonaws.com/Pathfinder-seed-images/trails/ijen_crater_trail/5.jpeg,5.jpeg
5,https://danielliem49-pathfinder-seeds.s3.us-west-1.amazonaws.com/Pathfinder-seed-images/trails/mount_merapi_summit_trail/1.jpeg,1.jpeg
5,https://danielliem49-pathfinder-seeds.s3.us-west-1.amazonaws.com/Pathfinder-seed-images/trails/mount_merapi_summit_trail/2.jpeg,2.jpeg
5,https://danielliem49-pathfinder-seeds.s3.us-west-1.amazonaws.com/Pathfinder-seed-images/trails/mount_merapi_summit_trail/3.jpeg,3.jpeg
5,https://danielliem49-pathfinder-seeds.s3.us-west-1.amazonaws.com/Pathfinder-seed-images/trails/mount_merapi_summit_trail/4.jpeg,4.jpeg
5,https://danielliem49-pathfinder-seeds.s3.us-west-1.amazonaws.com/Pathfinder-seed-images/trails/mount_merapi_summit_trail/5.jpeg,5.jpeg
6,https://danielliem49-pathfinder-seeds.s3.us-west-1.amazonaws.com/Pathfinder-seed-images/trails/mount_batur_southern_route/1.jpeg,1.jpeg
6,https://danielliem49-pathfinder-seeds.s3.us-west-1.amazonaws.com/Pathfinder-seed-images/trails/mount_batur_southern_route/2.jpeg,2.jpeg
6,https://danielliem49-pathfinder-seeds.s3.us-west-1.amazonaws.com/Pathfinder-seed-images/trails/mount_batur_southern_route/3.jpeg,3.jpeg
6,https://danielliem49-pathfinder-seeds.s3.us-west-1.amazonaws.com/Pathfinder-seed-images/trails/mount_batur_southern_route/4.jpeg,4.jpeg
6,https://danielliem49-pathfinder-seeds.s3.us-west-1.amazonaws.com/Pathfinder-seed-images/trails/mount_batur_southern_route/5.jpeg,5.jpeg
7,https://danielliem49-pathfinder-seeds.s3.us-west-1.amazonaws.com/Pathfinder-seed-images/trails/mount_rinjani_from_senaru/1.jpeg,1.jpeg
7,https://danielliem49-pathfinder-seeds.s3.us-west-1.amazonaws.com/Pathfinder-seed-images/trails/mount_rinjani_from_senaru/2.jpeg,2.jpeg
7,https://danielliem49-pathfinder-seeds.s3.us-west-1.amazonaws.com/Pathfinder-seed-images/trails/mount_rinjani_from_senaru/3.jpeg,3.jpeg
7,https://danielliem49-pathfinder-seeds.s3.us-west-1.amazonaws.com/Pathfinder-seed-images/trails/mount_rinjani_from_senaru/4.jpeg,4.jpeg
7,https://danielliem49-pathfinder-seeds.s3.us-west-1.amazonaws.com/Pathfinder-seed-images/trails/mount_rinjani_from_senaru/5.jpeg,5.jpeg
8,https://danielliem49-pathfinder-seeds.s3.us-west-1.amazonaws.com/Pathfinder-seed-images/trails/mount_merbabu_via_selo/1.jpeg,1.jpeg
8,https://danielliem49-pathfinder-seeds.s3.us-west-1.amazonaws.com/Pathfinder-seed-images/trails/mount_merbabu_via_selo/2.jpeg,2.jpeg
8,https://danielliem49-pathfinder-seeds.s3.us-west-1.amazonaws.com/Pathfinder-seed-images/trails/mount_merbabu_via_selo/3.jpeg,3.jpeg
8,https://danielliem49-pathfinder-seeds.s3.us-west-1.amazonaws.com/Pathfinder-seed-images/trails/mount_merbabu_via_selo/4.jpeg,4.jpeg
8,https://danielliem49-pathfinder-seeds.s3.us-west-1.amazonaws.com/Pathfinder-seed-images/trails/mount_merbabu_via_selo/5.jpeg,5.jpeg
9,https://danielliem49-pathfinder-seeds.s3.us-west-1.amazonaws.com/Pathfinder-seed-images/trails/red_coral_waterfall_trail/1.jpeg,1.jpeg
9,https://danielliem49-pathfinder-seeds.s3.us-west-1.amazonaws.com/Pathfinder-seed-images/trails/red_coral_waterfall_trail/2.jpeg,2.jpeg
9,https://danielliem49-pathfinder-seeds.s3.us-west-1.amazonaws.com/Pathfinder-seed-images/trails/red_coral_waterfall_trail/3.jpeg,3.jpeg
9,https://danielliem49-pathfinder-seeds.s3.us-west-1.amazonaws.com/Pathfinder-seed-images/trails/red_coral_waterfall_trail/4.jpeg,4.jpeg
9,https://danielliem49-pathfinder-seeds.s3.us-west-1.amazonaws.com/Pathfinder-seed-images/trails/red_coral_waterfall_trail/5.jpeg,5.jpeg
10,https://danielliem49-pathfinder-seeds.s3.us-west-1.amazonaws.com/Pathfinder-seed-images/trails/mount_bromo_loop/1.jpeg,1.jpeg
10,https://danielliem49-pathfinder-seeds.s3.us-west-1.amazonaws.com/Pathfinder-seed-images/trails/mount_bromo_loop/2.jpeg,2.jpeg
10,https://danielliem49-pathfinder-seeds.s3.us-west-1.amazonaws.com/Pathfinder-seed-images/trails/mount_bromo_loop/3.jpeg,3.jpeg
10,https://danielliem49-pathfinder-seeds.s3.us-west-1.amazonaws.com/Pathfinder-seed-images/trails/mount_bromo_loop/4.jpeg,4.jpeg
10,https://danielliem49-pathfinder-seeds.s3.us-west-1.amazonaws.com/Pathfinder-seed-images/trails/mount_bromo_loop/5.jpeg,5.jpeg
11,https://danielliem49-pathfinder-seeds.s3.us-west-1.amazonaws.com/Pathfinder-seed-images/trails/munduk_waterfalls_trail/1.jpeg,1.jpeg
11,https://danielliem49-pathfinder-seeds.s3.us-west-1.amazonaws.com/Pathfinder-seed-images/trails/munduk_waterfalls_trail/2.jpeg,2.jpeg
11,https://danielliem49-pathfinder-seeds.s3.us-west-1.amazonaws.com/Pathfinder-seed-images/trails/munduk_waterfalls_trail/3.jpeg,3.jpeg
11,https://danielliem49-pathfinder-seeds.s3.us-west-1.amazonaws.com/Pathfinder-seed-images/trails/munduk_waterfalls_trail/4.jpeg,4.jpeg
11,https://danielliem49-pathfinder-seeds.s3.us-west-1.amazonaws.com/Pathfinder-seed-images/trails/munduk_waterfalls_trail/5.jpeg,5.jpeg
12,https://danielliem49-pathfinder-seeds.s3.us-west-1.amazonaws.com/Pathfinder-seed-images/trails/mount_merbabu_via_suwanting/1.jpeg,1.jpeg
12,https://danielliem49-pathfinder-seeds.s3.us-west-1.amazonaws.com/Pathfinder-seed-images/trails/mount_merbabu_via_suwanting/2.jpeg,2.jpeg
12,https://danielliem49-pathfinder-seeds.s3.us-west-1.amazonaws.com/Pathfinder-seed-images/trails/mount_merbabu_via_suwanting/3.jpeg,3.jpeg
12,https://danielliem49-pathfinder-seeds.s3.us-west-1.amazonaws.com/Pathfinder-seed-images/trails/mount_merbabu_via_suwanting/4.jpeg,4.jpeg
12,https://danielliem49-pathfinder-seeds.s3.us-west-1.amazonaws.com/Pathfinder-seed-images/trails/mount_merbabu_via_suwanting/5.jpeg,5.jpeg
13,https://danielliem49-pathfinder-seeds.s3.us-west-1.amazonaws.com/Pathfinder-seed-images/trails/mount_merbabu_via_wekas/1.jpeg,1.jpeg
13,https://danielliem49-pathfinder-seeds.s3.us-west-1.amazonaws.com/Pathfinder-seed-images/trails/mount_merbabu_via_wekas/2.jpeg,2.jpeg
13,https://danielliem49-pathfinder-seeds.s3.us-west-1.amazonaws.com/Pathfinder-seed-images/trails/mount_merbabu_via_wekas/3.jpeg,3.jpeg
13,https://danielliem49-pathfinder-seeds.s3.us-west-1.amazonaws.com/Pathfinder-seed-images/trails/mount_merbabu_via_wekas/4.jpeg,4.jpeg
13,https://danielliem49-pathfinder-seeds.s3.us-west-1.amazonaws.com/Pathfinder-seed-images/trails/mount_merbabu_via_wekas/5.jpeg,5.jpeg
14,https://danielliem49-pathfinder-seeds.s3.us-west-1.amazonaws.com/Pathfinder-seed-images/trails/rinca_island_loop/1.jpeg,1.jpeg
14,https://danielliem49-pathfinder-seeds.s3.us-west-1.amazonaws.com/Pathfinder-seed-images/trails/rinca_island_loop/2.jpeg,2.jpeg
14,https://danielliem49-pathfinder-seeds.s3.us-west-1.amazonaws.com/Pathfinder-seed-images/trails/rinca_island_loop/3.jpeg,3.jpeg
14,https://danielliem49-pathfinder-seeds.s3.us-west-1.amazonaws.com/Pathfinder-seed-images/trails/rinca_island_loop/4.jpeg,4.jpeg
14,https://danielliem49-pathfinder-seeds.s3.us-west-1.amazonaws.com/Pathfinder-seed-images/trails/rinca_island_loop/5.jpeg,5.jpeg